Tank	https://i.servimg.com/u/f58/16/36/10/96/tank10.jpg	Nome	Fileira	Requer 1	Requer 2	Requer 3	Alcance	Cooldown	Mana	Level	<img src="https://i.servimg.com/u/f58/16/36/10/96/passiv15.jpg"></img>MECÂNICA PASSIVA: Redenção<br/>Esta classe já começa obrigatoriamente com esta habilidade<br/>(Não afeta o ponto de habilidade gasto no Nível 1)<br/>Sempre que o Tank falhar no movimento Defender, irá ganhar 1 ponto de Redenção. Ao acumular 5 pontos, ele poderá Atacar sem precisar de rolagem de acerto causando 1d4+Metade do Dano Recebido nestas 5 falhas. Receber uma pancada propositalmente não funciona, ele terá que FALHAR na rolagem de Defender para acumular um ponto nesta habilidade.	Se luta curta não é contigo, e você é daquele que gosta de ficar no campo de batalha por horas sem cair no chão, esta é a sua classe. Habilidades focadas em fatores defensivos pra sequer cambalear e virar uma verdadeira muralha viva pra pressionar todo mundo, você nem precisa se preocupar em machucar seu inimigo porque ele vai fazer isso sozinho de tanto que vai se desgastar tentando desmoronar essa montanha.
0	https://i.servimg.com/u/f58/16/36/10/96/0114.jpg	Defender Impacto	1							1	Passiva	Ganhe +1 permanente para usar o movimento Defender.
1	https://i.servimg.com/u/f58/16/36/10/96/0214.jpg	Pancada Corporal	1				Corpo-a-Corpo	2		1	Ativa (Ofensiva)	Usa o próprio corpo para causar dano em um inimigo. O dano equivalente é de 1d6 +2 para cada 10 pontos de vida máxima.
2	https://i.servimg.com/u/f58/16/36/10/96/0314.jpg	Reforçar Armadura	1							1	Passiva	Aumenta permanetemente a Armadura em +1.
3	https://i.servimg.com/u/f58/16/36/10/96/0414.jpg	Reforçar Defesa Mágica	1							1	Passiva	Aumenta permanetemente a Defesa Mágica em +1.
4	https://i.servimg.com/u/f58/16/36/10/96/0514.jpg	Vitalidade	1							2	Passiva	Ganha +1 de HP máximo para cada 2 níveis.
5	https://i.servimg.com/u/f58/16/36/10/96/0614.jpg	Força de Espírito	2	4						2	Passiva	Regenera 1 de vida por turno para cada 10 pontos de HP máximo
6	https://i.servimg.com/u/f58/16/36/10/96/0714.jpg	Revestir	2	2	3			4		1	Ativa (Defensiva)	Aumenta o bônus de Reforçar Armadura e Reforçar Defesa Mágica por +1 por 2 turnos
7	https://i.servimg.com/u/f58/16/36/10/96/0815.jpg	Pancada Estonteante	4	1			Corpo-a-Corpo	3		5	Ativa (Ofensiva)	Dá uma pancada forte no corpo de um oponente que lhe joga para longe e causa 1d8 de dano.
8	https://i.servimg.com/u/f58/16/36/10/96/0914.jpg	Escudo Refletor	4	0				6		5	Ativa (Utilitária)	Ao ativar esta habilidade, ela durará por 3 turnos e devolverá 1d4 para cado dano recebido ao atacante automaticamente (se o atacante acertar a pancada no Tank, ele sofrerá o dano de retorno sem precisar de rolagem).
9	https://i.servimg.com/u/f58/16/36/10/96/1014.jpg	Salto Defensivo	3	4				3		2	Ativa (Utilitária)	Role DES para esta habilidade ao invés de Esquivar para dar um salto defensivo, recuando e se esquivando, aumentandoem +1 em qualquer próxima rolagem.
10	https://i.servimg.com/u/f58/16/36/10/96/1114.jpg	Onda de Choque	5	1			Corpo-a-Corpo	4		8	Ativa (Ofensiva)	Causa uma onda de impacto no chão com uma pancada forte que causa 1d6 em todos no campo de batalha (menos o tank) e lhes dá lentidão por 2 turnos.
11	https://i.servimg.com/u/f58/16/36/10/96/1214.jpg	Um por Todos	4	9			Corpo-a-Corpo	3		5	Ativa (Utilitária)	Ganha um boost de velocidade de movimento e salta em direção a um inimigo. Sua próxima rolagem defensiva terá +1, mas se esta habilidade for usada para defender um aliado, esse bônus será de +2.
12	https://i.servimg.com/u/f58/16/36/10/96/1314.jpg	Bloquear	4	6				2		5	Ativa (Defensiva)	Se envolve em um escudo que bloqueará os próximos 1d6 de dano recebido.
13	https://i.servimg.com/u/f58/16/36/10/96/1414.jpg	Inspiração	4	4	5		Corpo-a-Corpo	3		5	Ativa (Utilitária)	Se cura por 1d6.
14	https://i.servimg.com/u/f58/16/36/10/96/1514.jpg	Chamar Atenção	5	11			Corpo-a-Corpo	5		8	Ativa (Utilitária)	Provoca um inimigo a suas escolha por2 turnos.
15	https://i.servimg.com/u/f58/16/36/10/96/1613.jpg	Imobilizar	5	8			Corpo-a-Corpo	5		8	Ativa (Ofensiva)	Se joga em um inimigo e o imobiliza usando o próprio corpo em um golpe de submissão. O inimigo ficará imobilizado por até 3 turnos. Ambos terão que rolar 1d6 todo turno (DES) e o inimigo conseguirá se livrar antes caso obtenha sucesso em uma destas rolagens. A cada rolagem imobilizado, a vítima sofrerá 1d6 de dano.
--												
Atirador	https://i.servimg.com/u/f58/16/36/10/96/atirad10.jpg	Nome	Fileira	Requer 1	Requer 2	Requer 3	Alcance	Cooldown	Mana	Level	<img src="https://i.servimg.com/u/f58/16/36/10/96/passiv11.jpg"></img>Recarga<br/>Esta classe já começa obrigatoriamente com esta habilidade<br/>(Não afeta o ponto de habilidade gasto no Nível 1)<br/>Todos os atiradores começam o PvP com 4 balas/munições (isso pode ser adaptado a vontade para o seu personagem, se ele der tiros de energia, por exemplo). Se a rolagem de acerto obtiver sucesso e atingir seu alvo, a munição não é gasta (ou seja, permanece com o mesmo valor). Caso a rolagem não acerte o alvo, você perde uma bala. Ao ficar sem balas, será necessário gastar uma ação do turno seguinte para recarregar a arma. Ou seja, no turno de recarregamento, não é possível atacar, apenas se mover ou usar alguma habilidade que não gaste bala além de recarregar, e a partir do turno seguinte já terá 4 balas novamente.	Se o seu negócio não é partir pro corpo a corpo, mas garantir uma posição distante e favorável pra meter bala em todo mundo, esta é a sua classe! Claro, não espere que vai se sair ileso caso alguém consiga grudar em você! Mas, caso não consigam, o campo de batalha é como se fosse o seu jogo de tiro-ao-alvo, e tudo depende da sua sagacidade, rapidez de pensamento e mira! Fique atento aos arredores, mantenha distância e tiro ao alvo!
1	https://i.servimg.com/u/f58/16/36/10/96/0212.jpg	Precisão de Atirador	1							1	Passiva	Ganha +1 em qualquer rolagem de defesa
0	https://i.servimg.com/u/f58/16/36/10/96/0112.jpg	Certeiro	1							1	Passiva	Utiliza DES ao invés de ATQ para atacar.
3	https://i.servimg.com/u/f58/16/36/10/96/0412.jpg	Bala Penetrante	1							1	Passiva	Ganha +2 de Penetrante
2	https://i.servimg.com/u/f58/16/36/10/96/0312.jpg	Deslizar	3				Médio	1		1	Ativa (Utilitária)	Role Esquivar para dar um deslize lateral para fugir de um ataque. Caso obtenha sucesso, role 1d6, e se o resultado for 5 ou 6, o próximo ataque causará +1d4 de dano.
4	https://i.servimg.com/u/f58/16/36/10/96/0512.jpg	Atravessar	2	3			Longo	1		1	Ativa (Ofensiva)	Lança um tiro que causará 1d8 de dano, mas atravessará o primeiro alvo e acertará todos os que estiverem no caminho da bala.
5	https://i.servimg.com/u/f58/16/36/10/96/1012.jpg	Sensor	2	1				4		8	Ativa (Defensiva)	Quando for receber um ataque mágico, o atirador pode optar por rolar esta habilidade com DES. Caso tenha sucesso, irá impedir que este ataque mágico se conecte, cancelando qualquer dano e efeito.
6	https://i.servimg.com/u/f58/16/36/10/96/0712.jpg	Tiro na Perna	2	0			Médio	2		3	Ativa (Utilitária)	Dá um tiro que acerta a perna do primeiro inimigo que atingir, causando 1d6, mas aplicando lentidão de 2 turnos no mesmo.
7	https://i.servimg.com/u/f58/16/36/10/96/0712.jpg	Tiro de Força	4	2			Médio	2		5	Ativa (Utilitária)	Atira com mais força que o normal pela sua arma, o que causa um impacto. O dano causado é menor (apenas 1d4), mas o Atirador é lançado alguns metros para trás, ficando em uma posição mais favorável.
9	https://i.servimg.com/u/f58/16/36/10/96/0612.jpg	Tiro Duplo	2	1			Longo~Muito Longo(Após Rebater)	1		1	Ativa (Ofensiva)	Lança um tiro que, ao acertar o alvo, irá rebater e acertar um segundo alvo mais próximo, causando o mesmo dano em ambos. Caso a rolagem deste tiro seja crítica (6), o dano no segundo alvo terá +1d6 adicionado.
10	https://i.servimg.com/u/f58/16/36/10/96/1112.jpg	Tiro de Fumaça	2	0			Longo	2		5	Ativa (Utilitária)	Dá um tiro no rosto da vítima que explodirá ao contato causando apenas 1d6 de dano, mas liberando uma fumaça que o causará Cegueira por 1 turno.
11	https://i.servimg.com/u/f58/16/36/10/96/1412.jpg	Mata-Gigantes	2	3						6	Passiva	Causa +1 de dano bônus em qualquer ataque para cada 10 pontos de HP máximo
12	https://i.servimg.com/u/f58/16/36/10/96/1312.jpg	Bala Sanguinária	2	0	3		Longo	3		5	Ativa (Utilitária)	Role 1d6 extra caso queira usar esta habilidade antes de dar um ataque básico. Caso tenha sucesso, o tiro causará sangramento na vítima que irá receber 1 de dano por turno (ignora defesas).
13	https://i.servimg.com/u/f58/16/36/10/96/1212.jpg	Balas Famintas	2	3						8	Passiva	A cada 10 de dano causado pelo Atirador, ele irá se curar por 1d4 (contagem cumulativa).
14	https://i.servimg.com/u/f58/16/36/10/96/1512.jpg	Tirar Proveito	2	0	1					1	Passiva	Tenha +1 na rolagem de Acerto caso esteja a uma distância equivalente ao alcance Médio (ou inferior) de um inimigo.
15	https://i.servimg.com/u/f58/16/36/10/96/0812.jpg	Repelir	5	7			Médio	3		5	Ativa (Ofensiva)	Dá um tiro de impacto que joga o inimigo para longe, além de causar o dano do ataque básico.
16	https://i.servimg.com/u/f58/16/36/10/96/1712.jpg	Rajada	4	0	9		Longo	5		11	Ativa (Ofensiva)	Solta uma rajada de até 6 tiros. Para saber quantos tiros irão acertar, role 6d6. Para cada sucesso sobre a rolagem de esquiva do inimigo, um acerto. Para cada acerto, causa 1d8 de dano. Cada tiro é contado separadamente para bônus de ataque (como Penetrante, etc).
8	https://i.servimg.com/u/f58/16/36/10/96/0912.jpg	Tiro de Luz	5				Longo	2		8	Ativa (Utilitária)	Lança um tiro de luz para o alto que revela inimigos escondidos/invisíveis por 1 turno.
--												
Assassino	https://i.servimg.com/u/f58/16/36/10/96/assass10.jpg	Nome	Fileira	Requer 1	Requer 2	Requer 3	Alcance	Cooldown	Mana	Level	<img src="https://i.servimg.com/u/f58/16/36/10/96/passiv10.jpg"></img>Segundas Intenções<br/>Esta classe já começa obrigatoriamente com esta habilidade<br/>(Não afeta o ponto de habilidade gasto no Nível 1)<br/>A cada rolagem de acerto ou esquiva que o Assassino falhar, acumulará um ponto. Ao juntar 5 pontos, ganhará uma vantagem gratuita.	Não se preocupe! Assassino é apenas o nome da Classe por causa das suas habilidades furtivas, que causam muito dano e pegam inimigos de surpresa! Você não necessariamente precisa matar pessoas ou ser um foragido da polícia caso escolha ser um assassino. Esta classe se caracteriza por movimentos extremamente rápidos, muita destreza, habilidades manuais e excelente manuseio de lâminas, sabendo exatamente onde, quando e como atacar um inimigo sem que ele perceba sequer como que foi tão ferido assim!
0	https://i.servimg.com/u/f58/16/36/10/96/0110.jpg	Maestria com Lâminas	1							1	Passiva	Enquanto empunhando qualquer arma com lâmina (facas, espadas, punhais, etc), ganha +1 de Penetrante.
1	https://i.servimg.com/u/f58/16/36/10/96/0210.jpg	Golpe Sujo	1				Corpo-a-Corpo	1		1	Ativa (Ofensiva)	Se optar, dê duas rolagens quando for Atacar. Se apenas uma delas obtiver sucesso, o ataque é normal. Caso ambas tenham sucesso, cause +1d4 de dano em seu ataque.
2	https://i.servimg.com/u/f58/16/36/10/96/0310.jpg	Passo Leve	1				Médio	1		1	Ativa (Utilitária)	O Assassino move-se rápido para uma direção de sua escolha, em uma distância equivalente em até o alcance Médio. O próximo ataque do Assassino causará +1d4 bônus.
3	https://i.servimg.com/u/f58/16/36/10/96/0410.jpg	Atirar Lâmina	2	0			Longo	1		1	Ativa (Ofensiva)	Atira uma pequena lâmina (uma faca, shuriken, dardo, etc) com as mãos em alta velocidade, sendo um ataque a distância. Causa 1d6 de dano.
4	https://i.servimg.com/u/f58/16/36/10/96/0510.jpg	Slash	2	0			Baixo	1		1	Ativa (Ofensiva)	O assassino dá um ataque cortante em altíssima velocidade e muito preciso. Caso a rolagem contra o inimigo tenha sucesso, este ataque irá acertar a vítima antes de qualquer movimento que já tenha sido feito naquele turno. Causa 1d8 de dano, +1 de Penetrante.
5	https://i.servimg.com/u/f58/16/36/10/96/0610.jpg	Enganar	2	2						1	Ativa (Utilitária)	Ao tentar esquivar, role mais 1d6. Caso a rolagem extra tenha sucesso (4, 5 ou 6), o Assassino irá se mover muito rápido e, além de se esquivar, irá parar atrás do inimigo.
6	https://i.servimg.com/u/f58/16/36/10/96/0710.jpg	Trapaça	3	1						3	Ativa (Utilitária)	Atira algo que estiver disponível (ítens em seus bolsos, areia, terra, etc) nos olhos de um inimigo, causando-o Cegueira por 1 turno inteiro.
7	https://i.servimg.com/u/f58/16/36/10/96/0810.jpg	Esquiva Eficaz	2	2						5	Passiva	Ganha +1 em Esquivar
8	https://i.servimg.com/u/f58/16/36/10/96/0910.jpg	Esconderijo Perfeito	3	5				2		5	Ativa (Utilitária)	Desde que se esconda atrás de algo para ativar esta habilidade, o Assasino ficará tão ligeiro, silencioso e preciso que se tornará invisível durante o próximo turno inteiro.
9	https://i.servimg.com/u/f58/16/36/10/96/1010.jpg	Envenenar	3	0	1					8	Passiva	Embebeda suas lâminas com venenos. Inimigos que receberem seus ataques cortantes sofrerão 1 de dano por turno até que sejam curados. Este dano pode ser acumulado em até 3 por turno.
10	https://i.servimg.com/u/f58/16/36/10/96/1110.jpg	Ataque Pelas Costas	3	1	5					1	Passiva	Qualquer dano que seja causado pelas costas do adversário causará +1d6 de dano (não precisa de rolagem).
11	https://i.servimg.com/u/f58/16/36/10/96/1210.jpg	Desintoxicar	4	9						1	Ativa (Utilitária)	Esta habilidade remove qualquer veneno da vítima a sua escolha (ou ele mesmo). Para sucesso, role DES e vença em caso de 4, 5 ou 6.
12	https://i.servimg.com/u/f58/16/36/10/96/1310.jpg	Chuva de Lâminas	3	0			Corpo-a-Corpo	4		8	Ativa (Ofensiva)	O Assassino dá uma sequência de golpes cortantes em alta velocidade. Role 5d6. Para cada sucesso, é um golpe acertado. Para cada golpe acertado, cause 1d6 de dano. Cada golpe é contado separadamente (não é um valor total, portanto se o personagem tiver +1 de penetrante, é +1 de penetrante a cada golpe que acertar, por exemplo).
13	https://i.servimg.com/u/f58/16/36/10/96/1410.jpg	Corte Vital	3	0	1		Corpo-a-Corpo	3		8	Ativa (Ofensiva)	Causa um corte em uma região vital do corpo da vítima. Este corte causará 1d12 + um terço do HP vazio da vítima.
14	https://i.servimg.com/u/f58/16/36/10/96/1510.jpg	Backstep	2	2						5	Passiva	Ganha permanentemente +1 de DES.
15	https://i.servimg.com/u/f58/16/36/10/96/1610.jpg	Causar Sangramento	5	0			Corpo-a-Corpo	4		8	Ativa (Ofensiva)	Role DES contra DEF do inimigo. Em caso de sucesso, causará um corte letal de 1d8 de dano + 1 de dano por segundo por 4 turnos, como sangramento.
16	https://i.servimg.com/u/f58/16/36/10/96/1710.jpg	Implantar: Armadilha de Urso	6							6	Ativa (Utilitária)	Implanta uma pequena armadilha de urso dentro do campo de batalha que ficará lá até alguém passar por cima. Causa 1d8 de dano com 2 de penetrante. Aprisiona a vítima por 1 turno. Máximo de 1 por batalha
17	https://i.servimg.com/u/f58/16/36/10/96/1810.jpg	Implantar: Armadilha Deslizante	6							6	Ativa (Utilitária)	Cria uma pequena área deslizante com algum líquido no campo de batalha. Quem passa sobre esta poça, cai e recebe 1d4, sem penetrante. Causa lentidão na vítima por 2 turnos.
18	https://i.servimg.com/u/f58/16/36/10/96/1910.jpg	Implantar: Armadilha Projétil	6							6	Ativa (Utilitária)	Implanta uma armadilha em alguma superfície vertical, e quando alguém passar por perto, atirará uma pequena lâmina. Causa 1d6 e reduz 2 de armadura da vítima por 2 turnos
--												
Lutador	https://i.servimg.com/u/f58/16/36/10/96/lutado10.jpg	Nome	Fileira	Requer 1	Requer 2	Requer 3	Alcance	Cooldown	Mana	Level	<img src="https://i.servimg.com/u/f58/16/36/10/96/passiv12.jpg"></img>Motivação<br/>Esta classe já começa obrigatoriamente com esta habilidade<br/>(Não afeta o ponto de habilidade gasto no Nível 1)<br/>Lutadores são ótimos pra dar porrada e cair pro coro! Mas se eles não acertarem boas pancadas, não adianta, né? E é isso que os deixa ainda mais motivados! A cada golpe ofensivo que o Lutador falhar na rolagem de Acerto, ele ganha 1 ponto de Motivação. Ao juntar 5 pontos de motivação, o próximo ataque dele não precisará de rolagem - irá acertar de qualquer jeito! E se ele estiver longe do alvo? Não faz mal, pode postar que ele correu muito rápido e surpreendeu o adversário pra acertar a pancada, não faz mal mesmo! O acerto irá acontecer porque cara... ele tá MUITO MOTIVADO!!!	Se o seu negócio é cair pro pau, essa é a classe certa! Podem não ser tão parrudos quanto os tanks ou tão explosivos quanto os assassinos, e exatamente por isso são a classe mais balanceada no corpo-a-corpo: são bons tanto pra ir pra cima quanto na hora que precisam aguentar firme. Golpes corpo-a-corpo ou com armas brancas (de preferência de impacto) caracterizam o estilo de batalha desta classe versátil e divertida de se jogar.
1	https://i.servimg.com/u/f58/16/36/10/96/0211.jpg	Movimento Defensivo	1					1		1	Ativa (Defensiva)	Adicione +1 no seu próximo movimento de Defender.
0	https://i.servimg.com/u/f58/16/36/10/96/0111.jpg	Golpe Certeiro	1				Corpo-a-Corpo	1		1	Ativa (Ofensiva)	Adicione +1d4 no seu próximo ataque.
2	https://i.servimg.com/u/f58/16/36/10/96/0311.jpg	Jogar no Chão	1					2		1	Ativa (Utilitária)	Seu próximo ataque jogará o alvo no chão e o causará lentidão após se levantar, por 1 turno.
3	https://i.servimg.com/u/f58/16/36/10/96/0711.jpg	Ataque Duplo	2	0			Corpo-a-Corpo	3		5	Ativa (Ofensiva)	Role ATQ. Caso tenha sucesso (5 ou 6), seu movimento Atacar será feito duas vezes.
4	https://i.servimg.com/u/f58/16/36/10/96/1011.jpg	Golpe Fatal	2	0				2		5	Passiva	Role 1d6 extra quando for usar Golpe Certeiro. Caso obtenha sucesso (5 ou 6), a vítima irá ficar atordoada por 1 turno.
5	https://i.servimg.com/u/f58/16/36/10/96/0811.jpg	Gancho	2	0			Corpo-a-Corpo	2		5	Ativa (Ofensiva)	Dá um gancho no inimigo que causa +1d4 de dano bônus e o joga ligeiramente para o alto.
6	https://i.servimg.com/u/f58/16/36/10/96/0411.jpg	Ataque-Surpresa	2	0			Corpo-a-Corpo	2		1	Ativa (Ofensiva)	Dá um golpe certeiro em um inimigo que tem +2 de Penetrante. Só pode ser usado no primeiro movimento do turno.
7	https://i.servimg.com/u/f58/16/36/10/96/0611.jpg	Aguentar	2	1				3		1	Ativa (Defensiva)	Role DEF. Caso tenha sucesso (4, 5 ou 6) em um ataque inimigo que cause Status Negativo, o Status Negativo não funcionará (mesmo se o golpe acertar).
8	https://i.servimg.com/u/f58/16/36/10/96/0511.jpg	Rolamento	2	1				2		1	Ativa (Utilitária)	Dá um rolamento no chão. Quando usada para substituir o movimento Esquivar, esta habilidade dá +1 no rolamento de esquiva.
9	https://i.servimg.com/u/f58/16/36/10/96/0911.jpg	Contra-Ataque	3	1	6			2		1	Ativa (Utilitária)	O Lutador pode utilizar esta habilidade quando for receber um golpe, rolando DES. Se obtiver sucesso contra o inimigo, irá se esquivar do golpe e contra-atacar o agressor com +3 de Penetrante.
10	https://i.servimg.com/u/f58/16/36/10/96/1111.jpg	Rush	2	1				2		5	Ativa (Utilitária)	Avança em alta velocidade em linha reta contra um inimigo, e enquanto estiver avançando, ganha +1 de Armadura.
11	https://i.servimg.com/u/f58/16/36/10/96/1211.jpg	Submissão	2	2			Corpo-a-Corpo	4		8	Ativa (Ofensiva)	Imobiliza a vítima em um golpe similar a um movimento de Jiu-Jitsu, causando aprisionamento nela por 2 turnos, e 1d8 de dano por turno.
12	https://i.servimg.com/u/f58/16/36/10/96/1311.jpg	Voadora	5	0	10		Corpo-a-Corpo	3		5	Ativa (Ofensiva)	Dá um golpe aéreo em um inimigo que causa 1d12 de dano e o joga para longe.
13	https://i.servimg.com/u/f58/16/36/10/96/1411.jpg	Foco	5	7				3		8	Ativa (Utilitária)	Role DES contra o inimigo. Caso obtenha sucesso, livre-se de qualquer Status Negativo.
14	https://i.servimg.com/u/f58/16/36/10/96/1511.jpg	Giro Explosivo	6	5	13		Corpo-a-Corpo	2		8	Ativa (Ofensiva)	Dá um giro com o corpo para todos os lados com força e fúria, causando 1d8 em todos ao redor e os jogando para longe.
15	https://i.servimg.com/u/f58/16/36/10/96/1611.jpg	Aleijar	4	4			Corpo-a-Corpo	3		8	Ativa (Ofensiva)	Dá uma pancada forte nas pernas de um inimigo, causando o dano normal do ataque básico, mas deixando-o com lentidão por 2 turnos.
16	https://i.servimg.com/u/f58/16/36/10/96/1711.jpg	Avanço Impetuoso	3	10	11		Corpo-a-Corpo	4		10	Ativa (Ofensiva)	Avança com tanta determinação contra um inimigo que o intimida. O próximo ataque irá causar Supressão na vítima por 1 turno. Caso a rolagem de acerto seja crítica (6), esta habilidade pode chegar ao alcance Longo.
17	https://i.servimg.com/u/f58/16/36/10/96/1811.jpg	Roubo de Vida	5	7						10	Passiva	Sempre que causar mais de 5 pontos de dano em um inimigo, irá se curar por 1d4.
--												
Suporte	https://i.servimg.com/u/f58/16/36/10/96/suport10.jpg	Nome	Fileira	Requer 1	Requer 2	Requer 3	Alcance	Cooldown	Mana	Level	<img src="https://i.servimg.com/u/f58/16/36/10/96/passiv14.jpg"></img>Um por Todos e Todos por Um<br/>Esta classe já começa obrigatoriamente com esta habilidade<br/>(Não afeta o ponto de habilidade gasto no Nível 1)<br/>O Suporte é uma classe especializada em ajudar os aliados, e suas habilidades são praticamente todas focadas nisso. Porém... E se ele for pego sozinho pra um x1? Pois é, aí complica... Nem tanto! Quando está sem um aliado em um PvP, suas rolagens ganham +1 permanente caso sejam para Atacar, ele pode conjurar habilidades do tipo Utilitária nele mesmo sem rolagens e seu dado de dano aumenta para 1d8.	Se o seu negócio é lutar sozinho, talvez suporte não seja a melhor opção. Porém, se você entende que trabalho em equipe, parceria e colaboração são imprescindíveis, essa é a classe perfeita! Cheio de efeitos de grupo, tanto positivos para os aliados quanto negativos para os inimigos, domínio do campo de batalha, versatilidade e talento pra fazer a luta virar totalmente pro lado dos seus amigos, o suporte certamente é aquele que fará falta no seu grupo!
0	https://i.servimg.com/u/f58/16/36/10/96/0113.jpg	Proteção	1							1	Passiva	Aumenta a Armadura e a Defesa Mágica em +1.
1	https://i.servimg.com/u/f58/16/36/10/96/0213.jpg	Desarmar	3				Médio	2		1	Ativa (Ofensiva)	Role ATM. Caso obtenha sucesso, cause 1d6 de dano mágico e desarme o adversário por 1 turno. Personagens desarmados perdem todos os seus bônus de Penetração (física e mágica).
2	https://i.servimg.com/u/f58/16/36/10/96/0313.jpg	Área Defensiva	1				Médio	3		1	Ativa (Defensiva)	Role ATM. Com 4, 5 ou 6, conjura uma área equivalente ao alcance médio ao seu redor. Nenhum ataque de longa distância consegue passar através dos limites desta área.
3	https://i.servimg.com/u/f58/16/36/10/96/0413.jpg	Teletransporte	1				Muito Longo	3		1	Ativa (Utilitária)	Role ATM. Com 4, 5 ou 6, teletransporta-se para uma distância dentro do Campo de Batalha. Não pode levar ninguém consigo. A distância pode ser aumentada livremente quando usado fora de Combate. Esta habilidade não conta como movimento defensivo ou ofensivo, ou seja, o Suporte pode fazer uma "terceira" ação com o teleporte no mesmo turno. Porém, não poderá usar novamente nos próximos 3 turnos.
4	https://i.servimg.com/u/f58/16/36/10/96/0513.jpg	Portal	2	3			Longo	4		1	Ativa (Utilitária)	Cria um portal teletransportador que leva todos os que passarem pelo mesmo para outro local. A distância é de no máximo um alcance Longo.
5	https://i.servimg.com/u/f58/16/36/10/96/0613.jpg	Curar	3				Médio	2		1	Ativa (Utilitária)	Cura um alvo por 1d6.
6	https://i.servimg.com/u/f58/16/36/10/96/0713.jpg	Revigorar	4	5			Médio	3		5	Ativa (Utilitária)	Cura um alvo por 1d10.
7	https://i.servimg.com/u/f58/16/36/10/96/0814.jpg	Elevar Moral	2	0			Médio	2		1	Ativa (Utilitária)	Selecione um alvo e role ATM. Caso obtenha sucesso (4, 5 ou 6), o alvo ganhará +1 para qualquer rolagem de Destreza durante o próximo turno.
8	https://i.servimg.com/u/f58/16/36/10/96/0913.jpg	Diminuir Moral	2	0			Médio	2		1	Ativa (Utilitária)	Selecione um alvo e role ATM. Caso obtenha sucesso (4, 5 ou 6), o alvo perderá -1 para qualquer rolagem de Destreza durante o próximo turno.
9	https://i.servimg.com/u/f58/16/36/10/96/1013.jpg	Signum	1				Longo	3		5	Ativa (Utilitária)	Detecta todos os personagens dentro do campo de batalha (incluindo invisíveis ou escondidos).
10	https://i.servimg.com/u/f58/16/36/10/96/1213.jpg	Bênção	2	0			Médio	3		3	Ativa (Utilitária)	Role ATM. Em caso de sucesso (4, 5 ou 6), aumenta qualquer rolagem de ATQ e ATM de um alvo selecionado em +1 por 2 turnos.
11	https://i.servimg.com/u/f58/16/36/10/96/1413.jpg	Encantamento de Força	2	0			Baixo	3		3	Ativa (Utilitária)	Role ATM. Em caso de sucesso (4, 5 ou 6), aumenta todo dano causado por um alvo selecionado (pode ser ele mesmo) em +1d4 durante dois turnos.
12	https://i.servimg.com/u/f58/16/36/10/96/1113.jpg	Grito de Guerra	2	0			Longo	3		5	Ativa (Utilitária)	Role ATM. Em caso de sucesso (4, 5 ou 6), aumenta o bônus de rolagem de Defesa e Defesa mágica do Suporte e de todos os seus aliados em +1 por 2 turnos.
13	https://i.servimg.com/u/f58/16/36/10/96/2010.jpg	Escudo de Luz	2	0			Corpo-a-Corpo	3		8	Ativa (Defensiva)	Role DEM. Em caso de sucesso (4, 5 ou 6), bloqueia qualquer habilidade mágica lançada contra o alvo selecionado durante o turno atual e o seguinte.
14	https://i.servimg.com/u/f58/16/36/10/96/1313.jpg	Purificar	4	5			Médio	3		1	Ativa (Utilitária)	Role ATM. Em caso de sucesso (4, 5 ou 6), remove qualquer status negativo de um alvo selecionado (não pode ser usado enquanto silenciado).
15	https://i.servimg.com/u/f58/16/36/10/96/1612.jpg	Aprisionar	4	1			Médio	3		3	Ativa (Ofensiva)	Role ATM, e em caso de sucesso (4 ou 5), aprisiona um inimigo selecionado por 1 turno. Caso a rolagem do dado seja um acerto crítico (6), o aprisionamento dura 2 turnos.
16	https://i.servimg.com/u/f58/16/36/10/96/1513.jpg	Desestruturar	4	1			Médio	3		5	Ativa (Ofensiva)	Role ATM contra a DEM de um inimigo. Caso obtenha sucesso, o inimigo ficará Atordoado por 1 turno e sofrerá 1d8 de dano mágico.
17	https://i.servimg.com/u/f58/16/36/10/96/1713.jpg	Expulsar	4	1			Médio	4		8	Ativa (Ofensiva)	Role ATM contra um inimigo. Causa 1d10 de dano mágico em um oponente e o joga fortemente para longe.
18	https://i.servimg.com/u/f58/16/36/10/96/1812.jpg	Suffragium	4	1			Médio	3		8	Ativa (Ofensiva)	Role ATM. Em caso de sucesso (4, 5 ou 6), silencia um inimigo por 1 turno.
19	https://i.servimg.com/u/f58/16/36/10/96/1911.jpg	Rejuvenescer	5	6			Campo de Batalha	5		10	Ativa (Utilitária)	Cura todos os aliados dentro do campo de batalha por 1d10.
--												
Mago Fogo	https://i.servimg.com/u/f58/16/36/10/96/mago10.jpg	Nome	Fileira	Requer 1	Requer 2	Requer 3	Alcance	Cooldown	Mana	Level	<img src="https://i.servimg.com/u/f58/16/36/10/96/passiv13.jpg"></img>Mana<br/>Esta classe já começa obrigatoriamente com esta habilidade<br/>(Não afeta o ponto de habilidade gasto no Nível 1)<br/>Todos os Magos iniciam sua campanha com uma quantidade máxima de Mana (ou MP/SP/Energia/Ki ou o que você quiser chamar). Cada magia tem um gasto de Mana e, quando o valor máximo se reduz a 0, ele não poderá mais conjurar magias. Porém, existem limitadores gerais, que são:<br/>1. Valor máximo de mana para todos: 5 + Nível/2 + Bônus de ATM<br/>----------> Ou seja, se você está no nível ­10 e tem 18 (+3) de ATM, você tem: 5 + 5 + 3 = 13 de Mana. Em níveis ímpares, sempre arredonde para baixo.<br/>2. O gasto de mana não é sempre existente: Caso você tenha sucesso no dado de acerto com um 5 ou 6, a magia não gastará mana. Caso tire menos que isso, o gasto é normal.<br/>----------> ATENÇÃO: Para este cálculo de acerto e gasto de mana no d6, os bônus de rolagem não contam. Ou seja, vamos supor que você tirou 4 no dado e tem +2 de ATM. Tecnicamente você tirou 6 na rolagem de acerto, MAS TIROU APENAS 4 NO DADO, ENTÃO GASTARÁ MANA.<br/>3. Passar um turno sem conjurar magia nenhuma fará você automaticamente recuperar 1 ponto de mana.<br/>----------> Você pode dar ataques básicos, se mover, esquivar, defender, etc. Só não pode conjurar qualquer magia caso queira regenerar este ponto neste turno.	Controlando os elementos, os Magos tem poderes inimagináveis para muitos. Bruxos, feiticeiros, conjuradores, os magos podem se diferenciar uns dos outros pela versatilidade e quantidade incontáveis de magias que mostram. Por prepararem suas mentes e espíritos para produzirem tanta mágica, eles não costumam ser os melhores em combate físico... Mas se mantiverem a distância e conseguirem conjurar seus feitiços, certamente estarão causando muito trabalho aos inimigos.
0	https://i.servimg.com/u/f58/16/36/10/96/f0010.jpg	Dominuim: Ignis	1							1	Passiva	Ao selecionar esta habilidade, o seu personagem irá começar um caminho de maestria sobre o elemento Fogo. Automaticamente, ele aprenderá a habilidade Augue.
1	https://i.servimg.com/u/f58/16/36/10/96/f0110.jpg	Auge	2	0			Longo	1	1	1	Ativa (Ofensiva)	Lança uma bola de fogo em um percurso retilíneo que causará 1d8 de dano mágico no primeiro que colidir.
7	https://i.servimg.com/u/f58/16/36/10/96/f1110.jpg	Fluere	2	0						10	Passiva	Causar dano do elemento fogo em um inimigo faz com que o mesmo fique queimado e sofra 1 de dano por turno (não é afetado por defesas) durante 3 turnos. O valor não se acumula, mas o tempo pode se acumular enquanto o mago continuar lançando feitiços do mesmo elemento.
3	https://i.servimg.com/u/f58/16/36/10/96/f0310.jpg	Ignis Sagitta	3	1			Longo	2	1	5	Ativa (Ofensiva)	Lança uma flecha de fogo que causa 1d8 de dano com +2 de Penetração Mágica.
4	https://i.servimg.com/u/f58/16/36/10/96/f0410.jpg	Flamma Titulum	3	2			Médio	2	1	1	Ativa (Utiltário)	Cria um pilar de fogo em um local a sua escolha dentro de um alcance de 6 metros ao seu redor. Personagens que passarem através do pilar sofrerão 1d6 de dano mágico e lentidão de 1 turno.
5	https://i.servimg.com/u/f58/16/36/10/96/f0810.jpg	Ignem Lorica	3	2						5	Passiva	Torna o personagem muito resistente contra outras magias e habilidades do elemento Fogo, reduzindo 1d6 de qualquer dano deste elemento que for lançada contra o mesmo.
6	https://i.servimg.com/u/f58/16/36/10/96/f0510.jpg	Turbo Aestus	3	2			Baixo	3	1	6	Ativa (Ofensiva)	Role ATM. Em caso de sucesso, lança uma onda de calor ao seu redor. Inimigos atingidos pela onda são levemente jogados para trás, sofrem 1d6 de dano mágico e lentidão de 2 turnos
8	https://i.servimg.com/u/f58/16/36/10/96/f0710.jpg	Anima Ardens	2	0				3	1	7	Ativa (Utiltário)	Passe um turno sem tomar qualquer ação além de conjurar esta habilidade. No turno seguinte, qualquer habilidade de fogo terá +1 na rolagem e, caso seja ofensiva, causará 1d4 de dano mágico bônus.
9	https://i.servimg.com/u/f58/16/36/10/96/f0610.jpg	Meteorum	2	0			Longo	4	3	10	Ativa (Ofensiva)	Role ATM. Em caso de sucesso, role 1d6. A quantidade resultante será a quantidade de meteoritos de fogo que irá cair sobre um inimigo. Cada meteorito causa 1d4 de dano mágico.
10	https://i.servimg.com/u/f58/16/36/10/96/f0910.jpg	Incineratio	4	3			Médio	3	2	10	Ativa (Ofensiva)	Role ATM. Em caso de sucesso contra um inimigo, o mesmo sofrerá um dano mágico da propriedade fogo de dentro pra fora, como uma maldição, não tendo como escapar. O dano ignora qualquer Resistência Mágica e causa 1d10.
11	https://i.servimg.com/u/f58/16/36/10/96/f1010.jpg	Ignis Benedictio	2	0				4	1	1	Ativa (Utiltário)	Envolve os punhos do Mago em chamas mágicas que aumentam 1d4 os seus ataques corpo-a-corpo por 3 turnos.
2	https://i.servimg.com/u/f58/16/36/10/96/f0210.jpg	Flamma Pariete	2	0			Baixo	3	1	1	Ativa (Contra-Ataque)	Role DEM. Caso tenha sucesso, irá criar uma parede de fogo que aumentará a Defesa Mágica em +2 por 2 turnos.
12	https://i.servimg.com/u/f58/16/36/10/96/f1210.jpg	Concrematio	3	11				3	1	3	Ativa (Utiltário)	Role ATM. Em caso de sucesso (5 ou 6), o Mago irá ganhar +1 de DES e ATQ durante os próximos 3 turnos.
13	https://i.servimg.com/u/f58/16/36/10/96/f1310.jpg	Flamma Gyrum	4	2	6		Corpo-a-Corpo	5	2	6	Ativa (Defensiva)	Conjura 1d6 de Bolas de Fogo que ficam rodeando o mago. Sempre que receber algum ataque físico corpo-a-corpo, uma dessas bolas irá explodir no contato com o inimigo, lhe jogando para trás e causando 1d8 de dano mágico.
14	https://i.servimg.com/u/f58/16/36/10/96/f1410.jpg	Calidum Laevis	4	4			Longo	3	2	6	Ativa (Ofensiva)	Conjura um geyser de fogo que brota do chão em um ponto escolhido ao seu redor, dentro de um alcance de 10 metros. O geyser jogará o inimigo que atingir para longe e causará 1d10 de dano mágico.
15	https://i.servimg.com/u/f58/16/36/10/96/f1510.jpg	Incendium	4	4	7		Longo	5	5	12	Ativa (Ofensiva)	Lança uma rajada de fogo em linha reta que atinge todos os personagens que estiverem no caminho. O dano é mágico e equivalente a 1d20. No próximo turno, o Mago sofrerá exaustão.
--												
Mago Agua	https://i.servimg.com/u/f58/16/36/10/96/mago10.jpg	Nome	Fileira	Requer 1	Requer 2	Requer 3	Alcance	Cooldown	Mana	Level	<img src="https://i.servimg.com/u/f58/16/36/10/96/passiv13.jpg"></img>Mana<br/>Esta classe já começa obrigatoriamente com esta habilidade<br/>(Não afeta o ponto de habilidade gasto no Nível 1)<br/>Todos os Magos iniciam sua campanha com uma quantidade máxima de Mana (ou MP/SP/Energia/Ki ou o que você quiser chamar). Cada magia tem um gasto de Mana e, quando o valor máximo se reduz a 0, ele não poderá mais conjurar magias. Porém, existem limitadores gerais, que são:<br/>1. Valor máximo de mana para todos: 5 + Nível/2 + Bônus de ATM<br/>----------> Ou seja, se você está no nível ­10 e tem 18 (+3) de ATM, você tem: 5 + 5 + 3 = 13 de Mana. Em níveis ímpares, sempre arredonde para baixo.<br/>2. O gasto de mana não é sempre existente: Caso você tenha sucesso no dado de acerto com um 5 ou 6, a magia não gastará mana. Caso tire menos que isso, o gasto é normal.<br/>----------> ATENÇÃO: Para este cálculo de acerto e gasto de mana no d6, os bônus de rolagem não contam. Ou seja, vamos supor que você tirou 4 no dado e tem +2 de ATM. Tecnicamente você tirou 6 na rolagem de acerto, MAS TIROU APENAS 4 NO DADO, ENTÃO GASTARÁ MANA.<br/>3. Passar um turno sem conjurar magia nenhuma fará você automaticamente recuperar 1 ponto de mana.<br/>----------> Você pode dar ataques básicos, se mover, esquivar, defender, etc. Só não pode conjurar qualquer magia caso queira regenerar este ponto neste turno.	Controlando os elementos, os Magos tem poderes inimagináveis para muitos. Bruxos, feiticeiros, conjuradores, os magos podem se diferenciar uns dos outros pela versatilidade e quantidade incontáveis de magias que mostram. Por prepararem suas mentes e espíritos para produzirem tanta mágica, eles não costumam ser os melhores em combate físico... Mas se mantiverem a distância e conseguirem conjurar seus feitiços, certamente estarão causando muito trabalho aos inimigos.
0	https://i.servimg.com/u/f58/16/36/10/96/w0010.jpg	Dominum: Aqua	1							1	Passiva	Ao selecionar esta habilidade, o seu personagem irá começar um caminho de maestria sobre o elemento Água. Automaticamente, ele aprenderá a habilidade Bulla.
3	https://i.servimg.com/u/f58/16/36/10/96/w0310.jpg	Liquo	2	0			Médio	3	1	1	Ativa [Utilitária]	Joga um banho de água pura energizada em um alvo. Este alvo selecionado é curado por 1d6.
2	https://i.servimg.com/u/f58/16/36/10/96/w0210.jpg	Flumen	2	0				4	1	1	Ativa [Utilitária]	Torna o corpo do Mago leve como a água, aumentando sua esquiva em +1 e reduzindo qualquer dano mágico em -1 por 3 turnos.
6	https://i.servimg.com/u/f58/16/36/10/96/w0610.jpg	Liquefiat	2	0				2	1	3	Ativa [Utilitária]	O Mago passará este turno sem fazer outra ação. No próximo turno, terá +2 em qualquer rolagem para qualquer outra habilidade do elemento Água.
1	https://i.servimg.com/u/f58/16/36/10/96/w0110.jpg	Bulla	2	0			Médio	1	1	1	Ativa [Ofensiva]	Lança uma bolha d’água em uma direção. O inimigo que for atingido por esta bolha sofrerá 1d6 de dano mágico e lentidão de 1 turno.
5	https://i.servimg.com/u/f58/16/36/10/96/w0510.jpg	Amnis Bulla	2	0			Longo	2	1	5	Ativa [Ofensiva]	Lança uma onda de bolhas de água em alta velocidade que causa 1d8 no primeiro alvo que acertar, lhe aplicando lentidão de 2 turnos.
4	https://i.servimg.com/u/f58/16/36/10/96/w0410.jpg	Aqua Fluctus	2	0			Longo	3	1	1	Ativa [Ofensiva]	Lança uma onda de água em linha reta, acertando todos os personagens que estiverem no caminho lhes causando 1d8.
7	https://i.servimg.com/u/f58/16/36/10/96/w0710.jpg	Bulla Defensus	3	3			Médio	3	2	1	Ativa [Utilitária]	O Mago escolhe a ele ou um alvo aliado e lança uma bolha protetora que defenderá o próximo ataque em 1d6. Em caso de acerto crítico (6) na rolagem de conjuração desta habilidade, o dano recebido é anulado.
15	https://i.servimg.com/u/f58/16/36/10/96/w1510.jpg	Liquida Bona	2	0			Médio	4	1	5	Ativa [Utilitária]	Escolhe um alvo (ele ou aliado). O alvo selecionado causará lentidão em seus próximos 3 ataques, além de causar 1d4 de dano bônus nos mesmos.
8	https://i.servimg.com/u/f58/16/36/10/96/w0810.jpg	Refluxu	2	0						5	Passiva	Sempre que o Mago causar qualquer dano mágico em um personagem, automaticamente irá se curar por 1d4.
14	https://i.servimg.com/u/f58/16/36/10/96/w1410.jpg	Aqua Hauriendum	2	0						5	Passiva	Torna o personagem muito resistente contra outras magias e habilidades do elemento Água, reduzindo 1d6 de qualquer dano deste elemento que for lançada contra o mesmo.
9	https://i.servimg.com/u/f58/16/36/10/96/w0910.jpg	Vorago	3	5			Médio	4	2	5	Ativa [Ofensiva]	Cria um vórtex de água em um ponto selecionado pelo mago dentro de um alcance de 6 metros ao seu redor. Personagens que forem pegos pelo vórtex serão lançados na direção oposta ao mago e sofrerão 1d10 de dano mágico.
10	https://i.servimg.com/u/f58/16/36/10/96/w1010.jpg	Aqua Mersis	4	7				7	1	10	Ativa [Defensiva]	Ao ativar esta habilidade, o Mago irá regenerar 2 pontos de vida por turno durante os próximos 5 turnos.
11	https://i.servimg.com/u/f58/16/36/10/96/w1110.jpg	Demerguntur 	3	2	6		Médio	3	3	10	Ativa [Utilitária]	Torna o corpo líquido por 1 turno. Isso faz com que o Mago se torne intangível e esquive de qualquer ataque lançado contra o mesmo.
12	https://i.servimg.com/u/f58/16/36/10/96/w1210.jpg	Abyssi Demerguntur	4	11			Médio	3	2	10	Ativa [Utilitária]	Aumenta o turno de Demerguntur por 1 turno e, além de tornar o corpo líquido, mergulha em qualquer superfície. No turno seguinte, o Mago terá que emergir de volta à superfície em algum ponto escolhido por ele dentro de um raio de 6 metros em relação à sua posição no turno anterior.
13	https://i.servimg.com/u/f58/16/36/10/96/w1310.jpg	Immergo	4	5			Longo	4	4	10	Ativa [Ofensiva]	Conjura uma bolha d’água em volta do adversário, lhe causando 1d12 de dano e causando supressão de 1 turno devido ao afogamento.
--												
Mago Terra	https://i.servimg.com/u/f58/16/36/10/96/mago10.jpg	Nome	Fileira	Requer 1	Requer 2	Requer 3	Alcance	Cooldown	Mana	Level	<img src="https://i.servimg.com/u/f58/16/36/10/96/passiv13.jpg"></img>Mana<br/>Esta classe já começa obrigatoriamente com esta habilidade<br/>(Não afeta o ponto de habilidade gasto no Nível 1)<br/>Todos os Magos iniciam sua campanha com uma quantidade máxima de Mana (ou MP/SP/Energia/Ki ou o que você quiser chamar). Cada magia tem um gasto de Mana e, quando o valor máximo se reduz a 0, ele não poderá mais conjurar magias. Porém, existem limitadores gerais, que são:<br/>1. Valor máximo de mana para todos: 5 + Nível/2 + Bônus de ATM<br/>----------> Ou seja, se você está no nível ­10 e tem 18 (+3) de ATM, você tem: 5 + 5 + 3 = 13 de Mana. Em níveis ímpares, sempre arredonde para baixo.<br/>2. O gasto de mana não é sempre existente: Caso você tenha sucesso no dado de acerto com um 5 ou 6, a magia não gastará mana. Caso tire menos que isso, o gasto é normal.<br/>----------> ATENÇÃO: Para este cálculo de acerto e gasto de mana no d6, os bônus de rolagem não contam. Ou seja, vamos supor que você tirou 4 no dado e tem +2 de ATM. Tecnicamente você tirou 6 na rolagem de acerto, MAS TIROU APENAS 4 NO DADO, ENTÃO GASTARÁ MANA.<br/>3. Passar um turno sem conjurar magia nenhuma fará você automaticamente recuperar 1 ponto de mana.<br/>----------> Você pode dar ataques básicos, se mover, esquivar, defender, etc. Só não pode conjurar qualquer magia caso queira regenerar este ponto neste turno.	Controlando os elementos, os Magos tem poderes inimagináveis para muitos. Bruxos, feiticeiros, conjuradores, os magos podem se diferenciar uns dos outros pela versatilidade e quantidade incontáveis de magias que mostram. Por prepararem suas mentes e espíritos para produzirem tanta mágica, eles não costumam ser os melhores em combate físico... Mas se mantiverem a distância e conseguirem conjurar seus feitiços, certamente estarão causando muito trabalho aos inimigos.
0	https://i.servimg.com/u/f58/16/36/10/96/e0010.jpg	Dominum: Terra	1							1	Passiva	Ao selecionar esta habilidade, o seu personagem irá começar um caminho de maestria sobre o elemento Terra. Automaticamente, ele aprenderá a habilidade Lactus Petram.
2	https://i.servimg.com/u/f58/16/36/10/96/e0210.jpg	Petram Confractus	2	0			Médio	2	2	1	Ativa (Ofensiva)	Atira uma rocha em um alvo em média distância. O impacto causará 1d6. Adicionalmente, role 1d6. Em caso de sucesso sobre o inimigo, causará atordoamento de 1 turno.
3	https://i.servimg.com/u/f58/16/36/10/96/e0310.jpg	Petra Armis	2	0				3	1	1	Ativa (Defensiva)	Enrijece a pele do Mago com a textura de pedras e rochas, aumentando sua Armadura em +1 por 2 turnos.
4	https://i.servimg.com/u/f58/16/36/10/96/e0410.jpg	Revolvo	3	3				3	1	1	Ativa (Utilitária)	Ao ter sucesso em Defender um ataque físico, o Mago pode ativar esta habilidade e devolver o dano ao atacante.
5	https://i.servimg.com/u/f58/16/36/10/96/e0510.jpg	Telluris Lapis	2	0			Médio	3	2	5	Ativa (Defensiva)	Cria um pilar de pedra em um local a sua escolha dentro de um raio de 6 metros ao seu redor. Inimigos que estiverem na área que o pilar é conjurado são jogados para trás e sofrem lentidão de 2 turnos
6	https://i.servimg.com/u/f58/16/36/10/96/e0610.jpg	Scuto Solidum	3	3				3	2	1	Ativa (Defensiva)	Cria um escudo rígido ao seu redor que bloqueia os próximos 1d8 de dano (físico ou mágico).
7	https://i.servimg.com/u/f58/16/36/10/96/e0710.jpg	Lutum Dictum	3	5			Longo	3	2	5	Ativa (Ofensiva)	Causa um desmoronamento do solo sob um oponente. Caso tenha sucesso crítico na rolagem (6), fará a vítima ficar paralisada naquele local por 1 turno. Causa 1d8 de dano mágico.
8	https://i.servimg.com/u/f58/16/36/10/96/e0810.jpg	Interdixi Finibus Meis	4	5	7		Muito Longo	3	1	5	Ativa (Utilitária)	Domina todo o solo ao seu redor em um raio de até 10 metros. Dentro desta área, o mago se move mais rápido e reconhece a localização de todos os que estiverem no chão.
9	https://i.servimg.com/u/f58/16/36/10/96/e0910.jpg	Solidum Pugni	2	0				4	1	5	Ativa (Utilitária)	Envolve suas mãos em rochas sólidas, aumentando seus ataques físicos em +1d6 por 3 turnos.
10	https://i.servimg.com/u/f58/16/36/10/96/e1010.jpg	Vi Terrae	2	0						5	Passiva	Torna o personagem muito resistente contra outras magias e habilidades do elemento Terra, reduzindo 1d6 de qualquer dano deste elemento que for lançada contra o mesmo.
11	https://i.servimg.com/u/f58/16/36/10/96/e1110.jpg	Nivis Casus	3	2			Longo	3	3	8	Ativa (Ofensiva)	Causa uma avalanche de pedras sobre uma área a sua escolha dentro de um raio de 10 metros. Causa 1d12, e caso cause o dano máximo possível (12), atordoará a vítima por 1 turno.
12	https://i.servimg.com/u/f58/16/36/10/96/e1210.jpg	Terris Spicae	5	8			Longo	5	3	5	Ativa (Utilitária)	Cria uma área quadrada de 5x5 metros em algum ponto ao seu redor dentro de um raio de 10 metros. Esta área faz surgirem espinhos no chão, e a cada passo que personagens darem dentro desta área, sofrerão 1d6 de dano mágico e lentidão de 1 turno.
13	https://i.servimg.com/u/f58/16/36/10/96/e1310.jpg	Terra Parietis	3	5			Baixo	5	2	5	Ativa (Defensiva)	Cria uma parede rochosa sólida em um local próximo (dentro de um raio de 3 metros). Esta parede terá 1d8 de “Vida” e, enquanto não for quebrada, bloqueará qualquer ataque de longa distância vindo daquela direção.
14	https://i.servimg.com/u/f58/16/36/10/96/e1410.jpg	Soli Salo	5	8				3	2	8	Ativa (Utilitária)	O Mago, ao ativar esta habilidade, aumenta drasticamente sua velocidade de movimento sobre o solo, como se “surfasse” sobre a Terra. Adiciona +1 em qualquer rolagem envolvendo Destreza durante 2 turnos.
15	https://i.servimg.com/u/f58/16/36/10/96/e1510.jpg	Humus Orbita	4	13			Corpo-a-corpo	6	2	10	Ativa (Defensiva)	Conjura pequenas rochas que ficam orbitando ao redor do Mago. A quantidade de rochas é de 1 + nível/5. Sempre que for receber um ataque físico corpo-a-corpo, o atacante irá se chocar com uma rocha, destruindo-a, mas recebendo 1d6 de dano mágico.
1	https://i.servimg.com/u/f58/16/36/10/96/e0110.jpg	Lactus Petram	2	0			Longo	1	1	1	Ativa (Ofensiva)	Conjura e lança uma rocha em um alvo. O alvo sofrerá 1d8 de dano e será levemente empurrado para trás.
--												
Mago Vento	https://i.servimg.com/u/f58/16/36/10/96/mago10.jpg	Nome	Fileira	Requer 1	Requer 2	Requer 3	Alcance	Cooldown	Mana	Level	<img src="https://i.servimg.com/u/f58/16/36/10/96/passiv13.jpg"></img>Mana<br/>Esta classe já começa obrigatoriamente com esta habilidade<br/>(Não afeta o ponto de habilidade gasto no Nível 1)<br/>Todos os Magos iniciam sua campanha com uma quantidade máxima de Mana (ou MP/SP/Energia/Ki ou o que você quiser chamar). Cada magia tem um gasto de Mana e, quando o valor máximo se reduz a 0, ele não poderá mais conjurar magias. Porém, existem limitadores gerais, que são:<br/>1. Valor máximo de mana para todos: 5 + Nível/2 + Bônus de ATM<br/>----------> Ou seja, se você está no nível ­10 e tem 18 (+3) de ATM, você tem: 5 + 5 + 3 = 13 de Mana. Em níveis ímpares, sempre arredonde para baixo.<br/>2. O gasto de mana não é sempre existente: Caso você tenha sucesso no dado de acerto com um 5 ou 6, a magia não gastará mana. Caso tire menos que isso, o gasto é normal.<br/>----------> ATENÇÃO: Para este cálculo de acerto e gasto de mana no d6, os bônus de rolagem não contam. Ou seja, vamos supor que você tirou 4 no dado e tem +2 de ATM. Tecnicamente você tirou 6 na rolagem de acerto, MAS TIROU APENAS 4 NO DADO, ENTÃO GASTARÁ MANA.<br/>3. Passar um turno sem conjurar magia nenhuma fará você automaticamente recuperar 1 ponto de mana.<br/>----------> Você pode dar ataques básicos, se mover, esquivar, defender, etc. Só não pode conjurar qualquer magia caso queira regenerar este ponto neste turno.	Controlando os elementos, os Magos tem poderes inimagináveis para muitos. Bruxos, feiticeiros, conjuradores, os magos podem se diferenciar uns dos outros pela versatilidade e quantidade incontáveis de magias que mostram. Por prepararem suas mentes e espíritos para produzirem tanta mágica, eles não costumam ser os melhores em combate físico... Mas se mantiverem a distância e conseguirem conjurar seus feitiços, certamente estarão causando muito trabalho aos inimigos.
0	https://i.servimg.com/u/f58/16/36/10/96/a0010.jpg	Dominum: Ventus	1							1	Passiva	Ao selecionar esta habilidade, o seu personagem irá começar um caminho de maestria sobre o elemento Vento. Automaticamente, ele aprenderá a habilidade Ventivulnus.
2	https://i.servimg.com/u/f58/16/36/10/96/a0210.jpg	Aerlembo	2	0			Médio	2	2	1	Ativa (Ofensiva)	Lança uma pancada de ar muito forte que causa 1d8 de dano mágico em um alvo e o lança para trás.
5	https://i.servimg.com/u/f58/16/36/10/96/a0510.jpg	Ventus Fortis	2	0			Médio	4	2	5	Ativa (Utilitária)	Cria uma ventania ao seu redor durante 3 turnos. Dentro destes 3 turnos, qualquer magia do elemento Vento receberá +1 na rolagem de Acerto.
3	https://i.servimg.com/u/f58/16/36/10/96/a0310.jpg	Celerinent	2	0				3	2	1	Ativa (Utilitária)	Role ATM. Se obtiver sucesso, livra-se de qualquer constrição/aprisionamento.
4	https://i.servimg.com/u/f58/16/36/10/96/a0410.jpg	Valebunt	3	3				4	2	3	Ativa (Utilitária)	Ao ativar esta habilidade, o mago poderá flutuar. Enquanto estiver flutuando, se moverá mais rápido, ganhará +1 em qualquer rolagem de Esquiva e permanecerá levitando até receber qualquer dano.
6	https://i.servimg.com/u/f58/16/36/10/96/a0610.jpg	Impetus Tempestadis	3	5			Longo	4	2	1	Ativa (Ofensiva)	Cria um tufão de vento que levanta um alvo a sua escolha no ar. Não causa dano, mas pode manter o alvo no ar por até 3 turnos. Para saber se ele ficará no ar ou voltará ao chão, basta ele rolar Esquiva a cada turno. Caso obtenha sucesso, voltará.
8	https://i.servimg.com/u/f58/16/36/10/96/a0810.jpg	Ventiictu	4	2			Médio	3	3	1	Ativa (Utilitária)	Cria uma pancada de vento de cima pra baixo, acertando todos os personagens em uma área de 6 metros ao redor do Mago (não afeta ele mesmo). Todos os afetados são jogados no chão, recebem 1d8 de dano mágico, ficam aprisionados por 1 turno e lentos por mais outro turno logo após.
7	https://i.servimg.com/u/f58/16/36/10/96/a0710.jpg	Procella	3	2	5		Longo	3	3	1	Ativa (Ofensiva)	O Mago cria um furacão em volta de um alvo que irá acertá-lo até 4 vezes. Role 4d6. Para cada sucesso (4, 5 ou 6) cause 1d6 de dano mágico no alvo.
9	https://i.servimg.com/u/f58/16/36/10/96/a0910.jpg	Caeli Saliunt	4	4			Muito Longo	2	1	3	Ativa (Utilitária)	Dá um salto super-rápido em uma direção, indo parar em outro ponto do local em uma questão de milésimos. Ao obter sucesso na rolagem para esta habilidade, o personagem não pode ser acertado por golpes físicos durante a movimentação.
10	https://i.servimg.com/u/f58/16/36/10/96/a1010.jpg	Aeria Laminae	3	3				4	2	5	Ativa (Utilitária)	Envolve o corpo em ventos cortantes que causam 1d4 de dano bônus em ataques físicos com +2 de penetrante durante 3 turnos.
11	https://i.servimg.com/u/f58/16/36/10/96/a1110.jpg	Aeria Sectis	4	10				6	2	5	Ativa (Utilitária)	Ao ativar esta habilidade, a próxima habilidade de Vento ofensiva do Mago irá cortar a vítima, causando sangramento. Este sangramento causa 1 de dano (não pode ser defendido) por turno durante 5 turnos.
13	https://i.servimg.com/u/f58/16/36/10/96/a1310.jpg	Preliator	2	0						5	Passiva	Torna o personagem muito resistente contra outras magias e habilidades do elemento Vento, reduzindo 1d6 de qualquer dano deste elemento que for lançada contra o mesmo.
14	https://i.servimg.com/u/f58/16/36/10/96/a1410.jpg	Vento Capto	5	8			Longo	4	2	1	Ativa (Utilitária)	Puxa um alvo para perto do Mago. A magia pode atingir um alcance longo. Causa 1d8 de dano mágico.
15	https://i.servimg.com/u/f58/16/36/10/96/a1510.jpg	Vento Dis	5	8			Corpo-a-Corpo	4	2	1	Ativa (Utilitária)	Joga um alvo que esteja em distância curta (corpo-a-corpo) do Mago para até um alcance longo. Causa 1d8 de dano mágico.
12	https://i.servimg.com/u/f58/16/36/10/96/a1210.jpg	Defluet	5	8			Longo	4	3	10	Ativa (Utilitária)	Lança uma magia em um alvo selecionado que, ao atingi-lo, retirará o oxigênio do mesmo por um turno. Durante este turno, o alvo sofrerá exaustão e 1d8 de dano mágico.
1	https://i.servimg.com/u/f58/16/36/10/96/a0110.jpg	Ventivulnos	2	0			Muito Longo	2	1	1	Ativa (Ofensiva)	Lança duas lâminas de ar que voam em alta velocidade em linha reta. Cada uma das lâminas causa 1d4 de dano mágico e precisa ter suas rolagens de acerto separadamente. Possui +1 de Penetração Mágica.
--												
Mago Trevas	https://i.servimg.com/u/f58/16/36/10/96/mago10.jpg	Nome	Fileira	Requer 1	Requer 2	Requer 3	Alcance	Cooldown	Mana	Level	<img src="https://i.servimg.com/u/f58/16/36/10/96/passiv13.jpg"></img>Mana<br/>Esta classe já começa obrigatoriamente com esta habilidade<br/>(Não afeta o ponto de habilidade gasto no Nível 1)<br/>Todos os Magos iniciam sua campanha com uma quantidade máxima de Mana (ou MP/SP/Energia/Ki ou o que você quiser chamar). Cada magia tem um gasto de Mana e, quando o valor máximo se reduz a 0, ele não poderá mais conjurar magias. Porém, existem limitadores gerais, que são:<br/>1. Valor máximo de mana para todos: 5 + Nível/2 + Bônus de ATM<br/>----------> Ou seja, se você está no nível ­10 e tem 18 (+3) de ATM, você tem: 5 + 5 + 3 = 13 de Mana. Em níveis ímpares, sempre arredonde para baixo.<br/>2. O gasto de mana não é sempre existente: Caso você tenha sucesso no dado de acerto com um 5 ou 6, a magia não gastará mana. Caso tire menos que isso, o gasto é normal.<br/>----------> ATENÇÃO: Para este cálculo de acerto e gasto de mana no d6, os bônus de rolagem não contam. Ou seja, vamos supor que você tirou 4 no dado e tem +2 de ATM. Tecnicamente você tirou 6 na rolagem de acerto, MAS TIROU APENAS 4 NO DADO, ENTÃO GASTARÁ MANA.<br/>3. Passar um turno sem conjurar magia nenhuma fará você automaticamente recuperar 1 ponto de mana.<br/>----------> Você pode dar ataques básicos, se mover, esquivar, defender, etc. Só não pode conjurar qualquer magia caso queira regenerar este ponto neste turno.	Controlando os elementos, os Magos tem poderes inimagináveis para muitos. Bruxos, feiticeiros, conjuradores, os magos podem se diferenciar uns dos outros pela versatilidade e quantidade incontáveis de magias que mostram. Por prepararem suas mentes e espíritos para produzirem tanta mágica, eles não costumam ser os melhores em combate físico... Mas se mantiverem a distância e conseguirem conjurar seus feitiços, certamente estarão causando muito trabalho aos inimigos.
0	https://i.servimg.com/u/f58/16/36/10/96/t0110.jpg	Dominum: Nox	1							1	Passiva	Ao selecionar esta habilidade, o seu personagem irá começar um caminho de maestria sobre o elemento Trevas. Automaticamente, ele aprenderá a habilidade Umbra Sphaera.
1	https://i.servimg.com/u/f58/16/36/10/96/t0111.jpg	Umbra Sphaera	2	0			Longo	1	1	1	Ativa [Ofensiva]	Lança uma esfera sombria em linha reta que causa dano no primeiro alvo que acertar. Causa 1d8 de dano mágico.
2	https://i.servimg.com/u/f58/16/36/10/96/t0210.jpg	Arx Umbra	2	0			Longo	4	2	5	Ativa [Utilitária]	Em uma área de até 10 metros ao redor do Mago, tudo fica mais escuro. Esta área dura 2 turnos e faz com que o Mago saiba do posicionamento de todos dentro dela, inclusive invisíveis/escondidos.
3	https://i.servimg.com/u/f58/16/36/10/96/t0310.jpg	Umbra Invocatio	2	0				3	1	1	Ativa [Utilitária]	Invoca um objeto feito de sombras que é desfeito assim que entra em contato com alguém. O ataque feito com este objeto causa 1d4 de dano mágico bônus.
4	https://i.servimg.com/u/f58/16/36/10/96/t0410.jpg	Umbra Carcerem	3	3			Longo	3	2	1	Ativa [Utilitária]	Escolhe um alvo e o aprisiona por 1 turno em uma pequena jaula sombria, causando 1d6 de dano mágico.
5	https://i.servimg.com/u/f58/16/36/10/96/t0510.jpg	Umbra Vincula	4	4			Médio	3	3	8	Ativa [Utilitária]	Cria uma prisão sombria em uma área de até 5 metros de largura em algum ponto ao seu redor, aprisionando todos os personagens que estiverem dentro da área de efeito por 1 turno. Os personagens presos sofrem 1d8 de dano mágico.
6	https://i.servimg.com/u/f58/16/36/10/96/t0610.jpg	Tenebris Libertatem	2	0				3	2	3	Ativa [Utilitária]	Desde que tenha consciência, o Umbra pode rolar 1d6. Caso tenha sucesso (5 ou 6), poderá se livrar de qualquer Status Negativo.
7	https://i.servimg.com/u/f58/16/36/10/96/t0710.jpg	Tenebris Imperium	3	6			Médio	4	3	1	Ativa [Utilitária]	Compita ATM contra DEM do inimigo. Caso vença, o inimigo irá ter sua mente dominada, sofrendo Terror por 1 turno.
8	https://i.servimg.com/u/f58/16/36/10/96/t0810.jpg	Umbra Manum	3	3			Longo	4	2	1	Ativa [Utilitária]	Invoca um par de mãos e braços sombrias gigantes que podem atacar inimigos durante 3 turnos. Os ataques destas mãos causam 1d8 e se estendem até um alcance longo.
9	https://i.servimg.com/u/f58/16/36/10/96/t0910.jpg	Silentium	4	7			Longo	3	2	1	Ativa [Ofensiva]	Lança uma onda de energia obscura em um alvo. O primeiro inimigo acertado sofrerá 1d8 de dano mágico e será Silenciado por 1 turno.
10	https://i.servimg.com/u/f58/16/36/10/96/t1010.jpg	Nox Superbia	2	0						5	Passiva	Torna o personagem muito resistente contra outras magias e habilidades do elemento Trevas, reduzindo 1d6 de qualquer dano deste elemento que for lançada contra o mesmo.
11	https://i.servimg.com/u/f58/16/36/10/96/t1110.jpg	Obscura Radium	5	9			Médio	3	2	10	Ativa [Ofensiva]	Lança um raio obscuro em área ao redor dele, que atinge aproximadamente 6 metros de raio. Inimigos atingidos sofrerão 1d10 de dano mágico e lentidão de 1 turno.
12	https://i.servimg.com/u/f58/16/36/10/96/t1210.jpg	Nox Adversum	3	10						5	Passiva	Causa +1d4 de dano contra inimigos que estejam sofrendo qualquer Status Negativo.
13	https://i.servimg.com/u/f58/16/36/10/96/t1310.jpg	Maledicto	3	10			Longo	6	3	10	Ativa [Ofensiva]	Lança uma maldição em um inimigo, fazendo-o receber 1d4 de dano mágico por turno durante 5 turnos.
14	https://i.servimg.com/u/f58/16/36/10/96/t1410.jpg	Ordo Mortem	4	12			Médio	3	3	10	Ativa [Ofensiva]	Cria uma explosão pequena em uma área escolhida pelo Mago, ao seu redor. Inimigos que forem pegos por esta explosão irão receber 1d12 de dano mágico e serão levemente jogados para trás.
--												
